-- phpMyAdmin SQL Dump
-- version 5.2.0
-- https://www.phpmyadmin.net/
--
-- Εξυπηρετητής: 127.0.0.1
-- Χρόνος δημιουργίας: 04 Μαρ 2023 στις 09:10:38
-- Έκδοση διακομιστή: 10.4.27-MariaDB
-- Έκδοση PHP: 8.0.25

SET SQL_MODE = "NO_AUTO_VALUE_ON_ZERO";
START TRANSACTION;
SET time_zone = "+00:00";


/*!40101 SET @OLD_CHARACTER_SET_CLIENT=@@CHARACTER_SET_CLIENT */;
/*!40101 SET @OLD_CHARACTER_SET_RESULTS=@@CHARACTER_SET_RESULTS */;
/*!40101 SET @OLD_COLLATION_CONNECTION=@@COLLATION_CONNECTION */;
/*!40101 SET NAMES utf8mb4 */;

--
-- Βάση δεδομένων: `zindros_database`
--

-- --------------------------------------------------------

--
-- Δομή πίνακα για τον πίνακα `announcements`
--

CREATE TABLE `announcements` (
  `AnnouncementID` int(11) NOT NULL,
  `RegistrationDate` date NOT NULL,
  `Title` text NOT NULL,
  `Text` text NOT NULL
) ENGINE=InnoDB DEFAULT CHARSET=utf8mb4 COLLATE=utf8mb4_general_ci;

--
-- Άδειασμα δεδομένων του πίνακα `announcements`
--

INSERT INTO `announcements` (`AnnouncementID`, `RegistrationDate`, `Title`, `Text`) VALUES
(1, '2022-12-19', 'Αύξηση του ΦΠΑ στα καύσιμα', 'Σύμφωνα με τον ίδιο, τα οριζόντια μέτρα τα οποία έχουν μεγάλο δημοσιονομικό κόστος, δεν πρόκειται να βοηθήσουν τους ανθρώπους γιατί οι τιμές δεν πρόκειται να μειωθούν, ενώ θα θέσουν σε πολύ μεγάλο κίνδυνο την οικονομία, γιατί η αύξηση του πληθωρισμού δημιουργεί πίεση στις κεντρικές τράπεζες να αυξήσουν τα επιτόκια και αυτό με τη σειρά του δημιουργεί αυτομάτως νέα αύξηση των επιτοκίων δανεισμού των χωρών. «Η Ελλάδα, λόγω του ότι είναι η χώρα με το μεγαλύτερο δημόσιο χρέος, έχει ήδη αυξημένα επιτόκια σε σχέση με τους άλλους. Άρα το να πας να πυροδοτήσεις μόνος σου μια αύξηση των επιτοκίων στα ομόλογά σου, τα οποία αμέσως μετά θα γυρίσουν σε αύξηση των επιτοκίων δανείων -των στεγαστικών, των καρτών των επιχειρηματικών κ.τ.λ- είναι σοφό; Δηλαδή να πεις σε κάποιον θα γλιτώσεις ένα Χ ποσό από τη βενζίνη και θα το πληρώσεις 3Χ στην κάρτα σου, ή στο δάνειό σου;», αναρωτήθηκε.'),
(2, '2022-12-27', 'Καλά Χριστούγεννα & Καλή Πρωτοχρονιά', 'Τα Χριστούγεννα είναι γεμάτα ευχές και φέτος θα στείλουμε τις πιο όμορφες σε αυτούς που αγαπάμε, όπου κι αν βρίσκονται! Οι επιλογές που έχουμε για τον τρόπο που θα στείλουμε τις ευχές μας είναι πολλές, από την κλασσική κάρτα, με ένα απλό sms, μέσω των κοινωνικών δικτύων, με ένα email ή ακόμη και μ’ ένα δώρο! Παρακάτω θα βρείτε όμορφες και πρωτότυπες ευχές, που μπορείτε να στείλετε σε αυτούς που αγαπάτε …'),
(3, '2023-01-02', 'Καλή Χρονιά & Ευτυχισμένο το Νέο Έτος', 'Η Πρωτοχρονιά 2023 σηματοδοτεί την αρχή του χρόνου και πολλοί από εμάς αποφασίζουν να κάνουν αλλαγές στη ζωή τους. Επίσης, ελπίζουμε το νέο έτος να μας βρει και πάλι όλους μαζί να χαιρόμαστε και να γιορτάζουμε όπως παλιά! Αποχαιρετήσαμε, λοιπόν, οριστικά το 2022 και καλωσορίσαμε με ευχές και ενθουσιασμό το 2023, προσμένοντας να θέσουμε σε εφαρμογή τα σχέδια και τους στόχους που θέλουμε να πετύχουμε! Τι θα ευχηθείς, λοιπόν, στους ανθρώπους που αγαπάς και πώς θα ξεπεράσεις λίγο την καθιερωμένη ευχή της «Καλής Χρονιάς»; Τσέκαρε παρακάτω και στείλε ξεχωριστές ευχές στους φίλους, συγγενείς κι αγαπημένους σου, μόλις το ρολόι δείξει 00:00 και θα ενθουσιάσεις άπαντες!'),
(4, '2023-01-09', 'Αύξηση Τιμών Αργού Πετρελαίου', 'Οι τιμές του αργού πετρελαίου τύπου Brent αυξήθηκαν κατακόρυφα τον τελευταίο χρόνο, εξαιτίας διαφόρων εξωγενών παραγόντων, μη δυνάμενων να ελεγχθούν μέσω εθνικών πολιτικών, κυριότερος από τους οποίους είναι η επαναφορά των κυρώσεων των ΗΠΑ κατά του Ιράν. Η τιμή του αργού πετρελαίου τύπου BRENT αυξήθηκε κατά 24,18 $/bbl και ποσοστιαία κατά 43%. (Η τιμή του αργού στις 12/10/2018 διαμορφώθηκε στα 80,43 $/bbl, ενώ η αντίστοιχη περσινή ήταν στα 56,25 $/bbl). Σε όρους ευρώ ανά λίτρο, η τιμή στις 12/10/2018 ήταν στα 0,437 €/λτ από 0,298 €/λτ πέρσι, αύξηση που αντιστοιχεί σε 0,139 €/λτ ή 46,5%. Οι διυλιστηριακές τιμές διαμορφώθηκαν στις 14/10/2018 στα 0,5634 €/λτ, όταν η αντίστοιχη περσινή ήταν στα 0,3914 €/λτ, αύξηση που αντιστοιχεί σε 0,172 €/λτ. Τα μικτά περιθώρια κέρδους των εταιρειών εμπορίας και των πρατηρίων υπολογίζονται σε 0,069 €/λτ, ενώ τα αντίστοιχα περσινά ήταν στα 0,072 ξ,Γκτ. Η λιανική τιμή πετρελαίου θέρμανσης στις 13/10/2017 ήταν στα 0,932 €/λτ, που αντιστοιχεί σε αύξηση της τάξης των 0,213 €/λτ ή 22,85%. Τα εν λόγω δεδομένα, αποτυπώνονται σε πρώιμο στάδιο, καθώς την πρώτη μέρα διάθεσης το δείγμα είναι πάντοτε μικρό. Τις επόμενες ημέρες θα είμαστε σε θέση να εξάγουμε περισσότερο ασφαλή συμπεράσματα, καθώς θα συγκρίνουμε τάσεις και μέσες τιμές περιόδων και όχι τιμές συγκεκριμένων ημερομηνιών. Σε κάθε περίπτωση, γενικό συμπέρασμα είναι ότι η αύξηση των διεθνών τιμών πετρελαίου επηρέασαν σημαντικά τις τιμές των τελικών προϊόντων πετρελαιοειδών και επομένως και του πετρελαίου θέρμανσης. Αμέσως παρακάτω προχωρούμε σε εκτίμηση για τη μέση επιβάρυνση των νοικοκυριών από την αύξηση της τιμής του πετρελαίου θέρμανσης κατά περιφέρεια. Συνδυάζοντας τα στοιχεία τιμών της Υπηρεσίας μας και τα στοιχεία κατανάλωσης ανά νοικοκυριό της ΕΛΣΤΑΤ, στον παρακάτω πίνακα παρουσιάζεται η μέση εκτιμώμενη επιβάρυνση των νοικοκυριών από τις αυξήσεις στο πετρέλαιο θέρμανσης.'),
(5, '2023-01-16', 'Σύσκεψη Σωματίου Πετρελαιοπαραγωγών', 'Η ενεργειακή κρίση με τις μεγάλες αυξήσεις στις τιμές του φυσικού αερίου, του πετρελαίου και του ηλεκτρικού ρεύματος ήταν αναμφίβολα το δεύτερο σημαντικό γεγονός του 2022, μετά την εισβολή της Ρωσίας στην Ουκρανία. Οι χώρες της Ευρώπης πιάστηκαν απροετοίμαστες ως προς το θέμα της ενεργειακής επάρκειας αλλά και της αντιμετώπισης των μεγάλων αυξήσεων των τιμών. Ο βαθμός εξάρτησης από το φυσικό αέριο της Gazprom προκάλεσε μεγάλες αναταράξεις στο ενεργειακό κόστος, ενώ οι πολίτες της Ε.Ε. ήρθαν αντιμέτωποι ακόμη και με το σοβαρό ενδεχόμενο ενός εκτεταμένου μπλακ άουτ ή ενός χειμώνα χωρίς θέρμανση. Σε πολύ σύντομο, όμως, χρονικό διάστημα οι 27, έστω και εν μέσω μεγάλων διαφωνιών, κατάφεραν να αναπληρώσουν τις ποσότητες του φυσικού αερίου και να εκπονήσουν σχέδια έκτακτης ανάγκης.');

-- --------------------------------------------------------

--
-- Δομή πίνακα για τον πίνακα `counties`
--

CREATE TABLE `counties` (
  `CountyID` int(11) NOT NULL,
  `RegionID` int(11) NOT NULL,
  `CountyName` text NOT NULL
) ENGINE=InnoDB DEFAULT CHARSET=utf8mb4 COLLATE=utf8mb4_general_ci;

--
-- Άδειασμα δεδομένων του πίνακα `counties`
--

INSERT INTO `counties` (`CountyID`, `RegionID`, `CountyName`) VALUES
(1, 7, 'Αττικής'),
(2, 7, 'Εύβοιας'),
(3, 7, 'Ευρυτανίας'),
(4, 7, 'Φωκίδας'),
(5, 7, 'Φθιώτιδας'),
(6, 7, 'Βοιωτίας'),
(7, 2, 'Χαλκιδικής'),
(8, 2, 'Ημαθίας'),
(9, 2, 'Κιλκίς'),
(10, 2, 'Πέλλας'),
(11, 2, 'Πιερίας'),
(12, 2, 'Σερρών'),
(13, 2, 'Θεσσαλονίκης'),
(14, 9, 'Χανίων'),
(15, 9, 'Ηρακλείου'),
(16, 9, 'Λασιθίου'),
(17, 9, 'Ρεθύμνης'),
(18, 2, 'Δράμας'),
(19, 1, 'Έβρου'),
(20, 2, 'Καβάλας'),
(21, 1, 'Ροδόπης'),
(22, 1, 'Ξάνθης'),
(23, 3, 'Άρτας'),
(24, 3, 'Ιωαννίνων'),
(25, 3, 'Πρέβεζας'),
(26, 3, 'Θεσπρωτίας'),
(27, 5, 'Κέρκυρας'),
(28, 5, 'Κεφαλληνίας'),
(29, 5, 'Λευκάδας'),
(30, 5, 'Ζακύνθου'),
(31, 6, 'Χίου'),
(32, 6, 'Λέσβου'),
(33, 6, 'Σάμου'),
(34, 8, 'Αρκαδίας'),
(35, 8, 'Αργολίδας'),
(36, 8, 'Κορινθίας'),
(37, 8, 'Λακωνίας'),
(38, 8, 'Μεσσηνίας'),
(39, 6, 'Κυκλάδων'),
(40, 6, 'Δωδεκανήσου'),
(41, 4, 'Καρδίτσας'),
(42, 4, 'Λάρισας'),
(43, 4, 'Μαγνησίας'),
(44, 4, 'Τρικάλων'),
(45, 8, 'Αχαΐας'),
(46, 7, 'Αιτωλοακαρνανίας'),
(47, 8, 'Ηλείας'),
(48, 2, 'Φλώρινας'),
(49, 2, 'Γρεβενών'),
(50, 2, 'Καστοριάς'),
(51, 2, 'Κοζάνης');

-- --------------------------------------------------------

--
-- Δομή πίνακα για τον πίνακα `fuels`
--

CREATE TABLE `fuels` (
  `FuelID` int(11) NOT NULL,
  `FuelName` text NOT NULL
) ENGINE=InnoDB DEFAULT CHARSET=utf8mb4 COLLATE=utf8mb4_general_ci;

--
-- Άδειασμα δεδομένων του πίνακα `fuels`
--

INSERT INTO `fuels` (`FuelID`, `FuelName`) VALUES
(1, 'Αμόλυβδη 95'),
(2, 'Αμόλυβδη 98'),
(3, 'Αμόλυβδη 100'),
(4, 'Πετρέλαιο Κίνησης'),
(5, 'Πετρέλαιο Θέρμανσης');

-- --------------------------------------------------------

--
-- Δομή πίνακα για τον πίνακα `municipalities`
--

CREATE TABLE `municipalities` (
  `MunicipalityID` int(11) NOT NULL,
  `CountyID` int(11) NOT NULL,
  `MunicipalityName` text NOT NULL
) ENGINE=InnoDB DEFAULT CHARSET=utf8mb4 COLLATE=utf8mb4_general_ci;

--
-- Άδειασμα δεδομένων του πίνακα `municipalities`
--

INSERT INTO `municipalities` (`MunicipalityID`, `CountyID`, `MunicipalityName`) VALUES
(1, 1, 'Αθήνα'),
(2, 1, 'Πειραιάς'),
(3, 2, 'Χαλκίδα'),
(4, 3, 'Καρπενήσι'),
(5, 4, 'Άμφισσα'),
(6, 4, 'Δελφοί'),
(7, 5, 'Λαμία'),
(8, 6, 'Λιβαδειά'),
(9, 6, 'Θήβα'),
(10, 7, 'Πολύγυρος'),
(11, 8, 'Βέροια'),
(12, 8, 'Νάουσα'),
(13, 9, 'Κιλκίς'),
(14, 10, 'Έδεσσα'),
(15, 10, 'Γιαννιτσά'),
(16, 11, 'Κατερίνη'),
(17, 12, 'Σέρρες'),
(18, 13, 'Θεσσαλονίκη'),
(19, 14, 'Χανιά'),
(20, 15, 'Ηράκλειο'),
(21, 16, 'Άγιος Νικόλαος'),
(22, 17, 'Ρέθυμνο'),
(23, 18, 'Δράμα'),
(24, 19, 'Αλεξανδρούπολη'),
(25, 19, 'Διδυμότειχο'),
(26, 20, 'Καβάλα'),
(27, 20, 'Θάσος'),
(28, 21, 'Κομοτηνή'),
(29, 22, 'Ξάνθη'),
(30, 23, 'Άρτα'),
(31, 24, 'Ιωάννινα'),
(32, 24, 'Κόνιτσα'),
(33, 24, 'Μέτσοβο'),
(34, 25, 'Πρέβεζα'),
(35, 25, 'Φιλιππιάδα'),
(36, 26, 'Ηγουμενίτσα'),
(37, 27, 'Κέρκυρα'),
(38, 28, 'Αργοστόλι'),
(39, 29, 'Λευκάδα'),
(40, 30, 'Ζάκυνθος'),
(41, 31, 'Χίος'),
(42, 32, 'Μυτιλήνη'),
(43, 33, 'Σάμος'),
(44, 34, 'Τρίπολη'),
(45, 34, 'Δημητσάνα'),
(46, 35, 'Άργος'),
(47, 35, 'Ναύπλιο'),
(48, 46, 'Αγρίνιο'),
(49, 46, 'Μεσολόγγι'),
(50, 57, 'Πύργος'),
(51, 48, 'Φλώρινα'),
(52, 49, 'Γρεβενά'),
(53, 50, 'Καστοριά'),
(54, 51, 'Κοζάνη'),
(55, 36, 'Κόρινθος'),
(56, 36, 'Λουτράκι'),
(57, 37, 'Σπάρτη'),
(58, 38, 'Καλαμάτα'),
(59, 39, 'Σύρος'),
(60, 39, 'Σαντορίνη'),
(61, 40, 'Ρόδος'),
(62, 40, 'Κως'),
(63, 41, 'Καρδίτσα'),
(64, 42, 'Λάρισα'),
(65, 43, 'Βόλος'),
(66, 44, 'Τρίκαλα'),
(67, 45, 'Πάτρα');

-- --------------------------------------------------------

--
-- Δομή πίνακα για τον πίνακα `offers`
--

CREATE TABLE `offers` (
  `OfferID` int(11) NOT NULL,
  `UserID` int(11) NOT NULL,
  `FuelID` int(11) NOT NULL,
  `ExpirationDate` date NOT NULL,
  `Price` float NOT NULL
) ENGINE=InnoDB DEFAULT CHARSET=utf8mb4 COLLATE=utf8mb4_general_ci;

--
-- Άδειασμα δεδομένων του πίνακα `offers`
--

INSERT INTO `offers` (`OfferID`, `UserID`, `FuelID`, `ExpirationDate`, `Price`) VALUES
(1, 2, 1, '2023-04-01', 1.838),
(2, 2, 2, '2023-04-01', 1.938),
(3, 2, 3, '2023-04-01', 2.038),
(4, 2, 4, '2023-04-01', 1.815),
(5, 2, 5, '2023-04-01', 1.215),
(6, 3, 1, '2023-04-01', 1.738),
(7, 3, 2, '2023-04-01', 1.838),
(8, 3, 3, '2023-04-01', 1.938),
(9, 3, 4, '2023-04-01', 1.715),
(10, 3, 5, '2023-04-01', 1.115),
(11, 4, 1, '2023-04-01', 1.858),
(12, 4, 2, '2023-04-01', 1.958),
(13, 4, 3, '2023-04-01', 2.058),
(14, 4, 4, '2023-04-01', 1.801),
(15, 4, 5, '2023-04-01', 1.211),
(16, 5, 1, '2023-04-01', 2.011),
(17, 5, 2, '2023-04-01', 2.111),
(18, 5, 3, '2023-04-01', 2.222),
(19, 5, 4, '2023-04-01', 1.805),
(20, 5, 5, '2023-04-01', 1.301);

-- --------------------------------------------------------

--
-- Δομή πίνακα για τον πίνακα `regions`
--

CREATE TABLE `regions` (
  `RegionID` int(11) NOT NULL,
  `RegionName` text NOT NULL
) ENGINE=InnoDB DEFAULT CHARSET=utf8mb4 COLLATE=utf8mb4_general_ci;

--
-- Άδειασμα δεδομένων του πίνακα `regions`
--

INSERT INTO `regions` (`RegionID`, `RegionName`) VALUES
(1, 'Θράκη'),
(2, 'Μακεδονία'),
(3, 'Ήπειρος'),
(4, 'Θεσσαλία'),
(5, 'Νησιά Ιονίου'),
(6, 'Νησιά Αιγαίου'),
(7, 'Στερεά Ελλάδα'),
(8, 'Πελοπόννησος'),
(9, 'Κρήτη');

-- --------------------------------------------------------

--
-- Δομή πίνακα για τον πίνακα `users`
--

CREATE TABLE `users` (
  `UserID` int(11) NOT NULL,
  `BrandName` text NOT NULL,
  `VAT` int(11) NOT NULL,
  `Address` text NOT NULL,
  `MunicipalityID` int(11) NOT NULL,
  `CountyID` int(11) NOT NULL,
  `RegionID` int(11) NOT NULL,
  `Email` text NOT NULL,
  `Role` text NOT NULL,
  `Username` text NOT NULL,
  `Password` text NOT NULL
) ENGINE=InnoDB DEFAULT CHARSET=utf8mb4 COLLATE=utf8mb4_general_ci;

--
-- Άδειασμα δεδομένων του πίνακα `users`
--

INSERT INTO `users` (`UserID`, `BrandName`, `VAT`, `Address`, `MunicipalityID`, `CountyID`, `RegionID`, `Email`, `Role`, `Username`, `Password`) VALUES
(1, 'Zindros Stylianos', 416444266, 'Παρ. Αριστοτέλους 18', 67, 45, 8, 'std142714@ac.eap.gr', 'Διαχειριστής', 'std142714', 'Std142714'),
(2, 'SHELL Ιωαννίνων', 823449096, 'Δωδώνης 10', 31, 24, 3, 'shellioanninon@gmail.com', 'Επιχείρηση', 'shellioanninon', 'Shell823449096'),
(3, 'AVIN Αθηνών', 304496697, 'Θησέως 276', 1, 1, 7, 'avinathinon@gmail.com', 'Επιχείρηση', 'avinathinon', 'Avinat304496697'),
(4, 'BP Λαμίας', 894551651, 'Ελ. Βενιζέλου 12', 7, 5, 7, 'bplamias@gmail.com', 'Επιχείρηση', 'bplamias', 'Bpla894551651'),
(5, 'AEGEAN Νάουσας', 44234369, 'Ε.Ο. Νάουσας - Βέροιας', 12, 8, 2, 'aegeannaousas@gmail.com', 'Επιχείρηση', 'aegeannaousas', 'Aegeanna044234369');

--
-- Ευρετήρια για άχρηστους πίνακες
--

--
-- Ευρετήρια για πίνακα `announcements`
--
ALTER TABLE `announcements`
  ADD PRIMARY KEY (`AnnouncementID`);

--
-- Ευρετήρια για πίνακα `counties`
--
ALTER TABLE `counties`
  ADD PRIMARY KEY (`CountyID`);

--
-- Ευρετήρια για πίνακα `fuels`
--
ALTER TABLE `fuels`
  ADD PRIMARY KEY (`FuelID`);

--
-- Ευρετήρια για πίνακα `municipalities`
--
ALTER TABLE `municipalities`
  ADD PRIMARY KEY (`MunicipalityID`);

--
-- Ευρετήρια για πίνακα `offers`
--
ALTER TABLE `offers`
  ADD PRIMARY KEY (`OfferID`);

--
-- Ευρετήρια για πίνακα `regions`
--
ALTER TABLE `regions`
  ADD PRIMARY KEY (`RegionID`);

--
-- Ευρετήρια για πίνακα `users`
--
ALTER TABLE `users`
  ADD PRIMARY KEY (`UserID`);

--
-- AUTO_INCREMENT για άχρηστους πίνακες
--

--
-- AUTO_INCREMENT για πίνακα `announcements`
--
ALTER TABLE `announcements`
  MODIFY `AnnouncementID` int(11) NOT NULL AUTO_INCREMENT, AUTO_INCREMENT=6;

--
-- AUTO_INCREMENT για πίνακα `counties`
--
ALTER TABLE `counties`
  MODIFY `CountyID` int(11) NOT NULL AUTO_INCREMENT, AUTO_INCREMENT=52;

--
-- AUTO_INCREMENT για πίνακα `fuels`
--
ALTER TABLE `fuels`
  MODIFY `FuelID` int(11) NOT NULL AUTO_INCREMENT, AUTO_INCREMENT=6;

--
-- AUTO_INCREMENT για πίνακα `municipalities`
--
ALTER TABLE `municipalities`
  MODIFY `MunicipalityID` int(11) NOT NULL AUTO_INCREMENT, AUTO_INCREMENT=68;

--
-- AUTO_INCREMENT για πίνακα `offers`
--
ALTER TABLE `offers`
  MODIFY `OfferID` int(11) NOT NULL AUTO_INCREMENT, AUTO_INCREMENT=22;

--
-- AUTO_INCREMENT για πίνακα `regions`
--
ALTER TABLE `regions`
  MODIFY `RegionID` int(11) NOT NULL AUTO_INCREMENT, AUTO_INCREMENT=10;

--
-- AUTO_INCREMENT για πίνακα `users`
--
ALTER TABLE `users`
  MODIFY `UserID` int(11) NOT NULL AUTO_INCREMENT, AUTO_INCREMENT=8;
COMMIT;

/*!40101 SET CHARACTER_SET_CLIENT=@OLD_CHARACTER_SET_CLIENT */;
/*!40101 SET CHARACTER_SET_RESULTS=@OLD_CHARACTER_SET_RESULTS */;
/*!40101 SET COLLATION_CONNECTION=@OLD_COLLATION_CONNECTION */;
